	Unnamed: 0	Unnamed: 0.1	Unnamed: 0.1.1	Genes	SRR3383640	SRR3383821	SRR3383782	SRR6283145	SRR3383641	SRR3383783	SRR3383822	SRR6283144	zero-counter
113	114	116	124	AT1G02190	2.0	1.0	3.807354922057604	0.0	0.0	0.0	0.0	0.0	5
149	150	155	170	AT1G02630	0.0	1.584962500721156	1.0	0.0	0.0	1.0	0.0	0.0	5
331	337	345	383	AT1G04645	1.584962500721156	1.584962500721156	0.0	0.0	1.0	0.0	0.0	0.0	5
341	347	355	395	AT1G04778	0.0	1.0	1.0	0.0	0.0	0.0	0.0	1.584962500721156	5
378	385	394	438	AT1G05136	0.0	0.0	0.0	0.0	1.584962500721156	1.0	0.0	1.584962500721156	5
390	397	406	452	AT1G05260	0.0	0.0	1.0	1.0	0.0	1.0	0.0	0.0	5
425	435	444	498	AT1G05680	0.0	0.0	1.0	1.0	0.0	0.0	0.0	2.584962500721156	5
427	437	446	500	AT1G05700	0.0	0.0	2.0	1.584962500721156	0.0	0.0	0.0	3.169925001442312	5
459	470	480	537	AT1G06030	0.0	0.0	0.0	1.0	0.0	0.0	1.0	1.0	5
490	501	512	580	AT1G06420	1.584962500721156	0.0	1.0	0.0	0.0	1.0	0.0	0.0	5
540	552	565	634	AT1G06970	0.0	0.0	1.0	0.0	1.584962500721156	1.0	0.0	0.0	5
741	756	777	872	AT1G09176	0.0	2.584962500721156	2.3219280948873617	0.0	0.0	0.0	1.584962500721156	0.0	5
781	797	821	920	AT1G09600	1.584962500721156	0.0	1.584962500721156	0.0	0.0	1.584962500721156	0.0	0.0	5
817	834	859	961	AT1G09935	1.584962500721156	2.0	0.0	0.0	1.0	0.0	0.0	0.0	5
844	861	886	990	AT1G10220	1.0	0.0	0.0	2.3219280948873617	1.584962500721156	0.0	0.0	0.0	5
845	862	887	991	AT1G10225	0.0	0.0	0.0	5.087462841250339	1.0	0.0	0.0	3.3219280948873617	5
935	955	983	1104	AT1G11250	1.0	0.0	0.0	1.0	0.0	0.0	0.0	1.584962500721156	5
1135	1165	1202	1363	AT1G13608	2.0	0.0	1.0	0.0	0.0	1.584962500721156	0.0	0.0	5
1138	1168	1205	1368	AT1G13635	0.0	1.0	1.0	0.0	1.0	0.0	0.0	0.0	5
1187	1217	1256	1428	AT1G14240	0.0	0.0	2.0	1.0	0.0	1.584962500721156	0.0	0.0	5
1206	1236	1275	1448	AT1G14420	0.0	0.0	1.0	2.584962500721156	1.584962500721156	0.0	0.0	0.0	5
1242	1272	1312	1490	AT1G14760	0.0	0.0	1.0	1.0	0.0	0.0	1.0	0.0	5
1259	1289	1329	1507	AT1G14930	0.0	0.0	1.0	1.0	0.0	0.0	0.0	1.0	5
1295	1327	1368	1549	AT1G15330	0.0	0.0	0.0	2.584962500721156	1.0	0.0	0.0	4.321928094887364	5
1314	1346	1387	1571	AT1G15540	0.0	0.0	0.0	0.0	1.0	1.0	0.0	1.0	5
1318	1350	1391	1578	AT1G15620	0.0	1.584962500721156	0.0	0.0	1.584962500721156	2.0	0.0	0.0	5
1355	1389	1430	1623	AT1G16022	0.0	0.0	2.0	1.0	0.0	1.0	0.0	0.0	5
1476	1511	1557	1763	AT1G17400	0.0	1.0	0.0	0.0	0.0	0.0	1.584962500721156	1.584962500721156	5
1526	1562	1608	1819	AT1G17950	2.3219280948873617	0.0	0.0	0.0	0.0	1.0	1.0	0.0	5
1568	1606	1656	1877	AT1G18530	0.0	1.0	0.0	0.0	1.584962500721156	0.0	0.0	1.0	5
1600	1638	1689	1913	AT1G18871	0.0	1.0	0.0	0.0	1.0	0.0	2.0	0.0	5
1618	1656	1708	1938	AT1G19115	0.0	0.0	0.0	3.9068905956085187	1.0	0.0	0.0	3.0	5
1637	1675	1727	1958	AT1G19320	0.0	1.0	0.0	0.0	0.0	0.0	2.0	2.0	5
1654	1694	1747	1979	AT1G19500	0.0	1.584962500721156	2.3219280948873617	0.0	0.0	1.0	0.0	0.0	5
1657	1697	1750	1982	AT1G19530	0.0	0.0	1.584962500721156	9.970105890612182	0.0	0.0	0.0	10.703038388986418	5
1954	2001	2070	2364	AT1G23201	0.0	0.0	1.0	0.0	1.0	1.0	0.0	0.0	5
1980	2028	2101	2403	AT1G23600	0.0	1.0	1.584962500721156	0.0	1.0	0.0	0.0	0.0	5
2013	2062	2138	2457	AT1G24130	0.0	0.0	2.0	0.0	1.0	0.0	0.0	1.0	5
2034	2083	2160	2483	AT1G24320	0.0	2.0	0.0	3.0	1.584962500721156	0.0	0.0	0.0	5
2063	2112	2195	2536	AT1G25097	0.0	0.0	0.0	1.0	0.0	1.0	0.0	2.3219280948873617	5
2153	2205	2295	2659	AT1G26762	1.0	0.0	2.584962500721156	0.0	0.0	2.0	0.0	0.0	5
2178	2232	2324	2698	AT1G27080	0.0	1.0	1.0	0.0	1.0	0.0	0.0	0.0	5
2230	2284	2377	2767	AT1G27710	0.0	2.3219280948873617	0.0	1.0	1.0	0.0	0.0	0.0	5
2239	2294	2387	2778	AT1G27860	1.0	0.0	0.0	1.0	0.0	0.0	0.0	1.0	5
2254	2310	2405	2801	AT1G28080	0.0	0.0	0.0	1.584962500721156	0.0	1.0	0.0	2.0	5
2344	2401	2501	2925	AT1G29435	0.0	0.0	1.0	0.0	0.0	1.0	1.584962500721156	0.0	5
2354	2411	2512	2937	AT1G29535	0.0	0.0	0.0	0.0	1.584962500721156	0.0	1.0	1.0	5
2448	2508	2612	3050	AT1G30660	0.0	0.0	1.0	1.0	0.0	2.0	0.0	0.0	5
2456	2517	2621	3062	AT1G30760	0.0	2.3219280948873617	1.0	0.0	0.0	1.0	0.0	0.0	5
2462	2523	2627	3073	AT1G30850	0.0	1.0	2.0	0.0	2.3219280948873617	0.0	0.0	0.0	5
2472	2533	2638	3092	AT1G31040	1.0	1.584962500721156	0.0	0.0	0.0	0.0	1.0	0.0	5
2598	2662	2773	3271	AT1G32850	0.0	1.0	1.0	0.0	0.0	0.0	1.0	0.0	5
2601	2665	2776	3274	AT1G32880	0.0	1.0	1.0	0.0	0.0	1.0	0.0	0.0	5
2741	2808	2928	3517	AT1G35625	1.584962500721156	1.584962500721156	0.0	1.0	0.0	0.0	0.0	0.0	5
2742	2809	2929	3518	AT1G35630	1.0	0.0	1.0	0.0	0.0	1.584962500721156	0.0	0.0	5
2764	2832	2952	3563	AT1G36623	1.0	0.0	0.0	0.0	1.0	0.0	0.0	1.584962500721156	5
2768	2836	2957	3571	AT1G36922	0.0	0.0	0.0	1.584962500721156	1.0	0.0	0.0	2.0	5
2770	2838	2959	3575	AT1G36950	1.0	0.0	0.0	0.0	1.0	0.0	0.0	2.584962500721156	5
2773	2841	2962	3583	AT1G37113	0.0	1.0	1.0	0.0	0.0	1.0	0.0	0.0	5
2922	2995	3128	3856	AT1G47980	0.0	1.0	0.0	0.0	1.0	0.0	1.0	0.0	5
3046	3123	3260	4027	AT1G49640	0.0	0.0	0.0	5.247927513443585	0.0	0.0	1.584962500721156	4.321928094887364	5
3060	3137	3275	4046	AT1G49830	2.0	0.0	2.584962500721156	0.0	1.584962500721156	0.0	0.0	0.0	5
3098	3175	3314	4093	AT1G50350	0.0	0.0	1.584962500721156	2.807354922057604	0.0	0.0	0.0	2.807354922057604	5
3136	3213	3352	4139	AT1G50820	1.0	0.0	0.0	1.0	0.0	0.0	0.0	1.0	5
3146	3224	3363	4161	AT1G51055	0.0	0.0	1.0	0.0	1.0	0.0	1.0	0.0	5
3157	3235	3374	4175	AT1G51190	0.0	0.0	0.0	2.0	1.0	0.0	0.0	1.0	5
3178	3257	3398	4211	AT1G51530	0.0	0.0	2.0	0.0	1.0	0.0	0.0	1.584962500721156	5
3179	3258	3399	4212	AT1G51538	0.0	0.0	0.0	1.584962500721156	0.0	1.0	0.0	1.0	5
3242	3325	3468	4299	AT1G52343	0.0	0.0	1.0	0.0	1.0	0.0	0.0	1.584962500721156	5
3305	3390	3534	4379	AT1G53080	0.0	0.0	1.0	1.584962500721156	0.0	0.0	2.807354922057604	0.0	5
3363	3448	3598	4451	AT1G53690	0.0	0.0	1.584962500721156	0.0	0.0	1.0	0.0	1.0	5
3378	3464	3615	4475	AT1G53890	0.0	1.0	0.0	0.0	1.0	0.0	1.0	0.0	5
3421	3507	3661	4532	AT1G54400	0.0	0.0	2.0	1.0	1.0	0.0	0.0	0.0	5
3426	3512	3666	4539	AT1G54470	0.0	0.0	1.0	0.0	1.0	1.0	0.0	0.0	5
3432	3519	3673	4546	AT1G54540	2.3219280948873617	0.0	0.0	0.0	1.0	0.0	1.0	0.0	5
3512	3606	3766	4663	AT1G55673	1.0	0.0	1.584962500721156	0.0	0.0	1.0	0.0	0.0	5
3619	3719	3881	4805	AT1G57730	1.0	1.0	1.0	0.0	0.0	0.0	0.0	0.0	5
3652	3753	3917	4855	AT1G58265	0.0	0.0	2.0	0.0	1.0	0.0	1.0	0.0	5
3684	3785	3952	4915	AT1G59670	0.0	0.0	0.0	1.0	1.0	0.0	0.0	1.0	5
3732	3833	4005	4996	AT1G60500	1.0	0.0	0.0	0.0	1.0	0.0	0.0	1.0	5
3750	3851	4024	5019	AT1G60760	0.0	2.0	1.0	1.0	0.0	0.0	0.0	0.0	5
3776	3878	4051	5058	AT1G61080	0.0	1.0	1.584962500721156	0.0	0.0	0.0	1.584962500721156	0.0	5
3778	3880	4053	5065	AT1G61110	0.0	1.0	0.0	0.0	1.0	0.0	0.0	1.0	5
3783	3885	4058	5071	AT1G61165	1.0	1.0	0.0	0.0	0.0	1.0	0.0	0.0	5
3812	3916	4091	5106	AT1G61480	0.0	1.0	0.0	0.0	1.0	0.0	0.0	1.0	5
3868	3972	4149	5186	AT1G62262	1.0	0.0	0.0	0.0	1.0	0.0	0.0	1.0	5
3959	4064	4249	5305	AT1G63320	1.0	0.0	0.0	0.0	0.0	1.0	0.0	1.0	5
3960	4065	4250	5306	AT1G63330	1.0	0.0	1.0	0.0	0.0	1.584962500721156	0.0	0.0	5
3988	4094	4281	5344	AT1G63710	2.3219280948873617	0.0	1.584962500721156	0.0	1.0	0.0	0.0	0.0	5
4011	4117	4307	5371	AT1G64010	0.0	0.0	0.0	1.584962500721156	0.0	1.584962500721156	0.0	1.0	5
4122	4229	4426	5515	AT1G65310	0.0	0.0	1.0	0.0	1.0	0.0	1.0	0.0	5
4124	4231	4428	5517	AT1G65330	2.584962500721156	0.0	1.0	0.0	2.0	0.0	0.0	0.0	5
4135	4242	4440	5535	AT1G65480	0.0	0.0	0.0	0.0	2.0	1.0	1.0	0.0	5
4160	4268	4469	5572	AT1G65810	0.0	1.0	1.0	0.0	1.584962500721156	0.0	0.0	0.0	5
4177	4285	4486	5594	AT1G66040	0.0	0.0	0.0	1.584962500721156	1.0	0.0	0.0	3.0	5
4247	4357	4564	5699	AT1G67035	0.0	0.0	1.0	2.3219280948873617	1.584962500721156	0.0	0.0	0.0	5
4260	4371	4578	5718	AT1G67220	0.0	0.0	1.0	0.0	0.0	0.0	1.0	1.584962500721156	5
4265	4377	4584	5726	AT1G67290	0.0	1.0	3.0	0.0	0.0	2.3219280948873617	0.0	0.0	5
4338	4452	4664	5813	AT1G68090	1.584962500721156	0.0	0.0	1.584962500721156	0.0	0.0	0.0	1.0	5
4345	4460	4673	5822	AT1G68180	1.584962500721156	0.0	0.0	2.0	0.0	1.0	0.0	0.0	5
4353	4468	4681	5831	AT1G68250	0.0	2.0	0.0	1.584962500721156	0.0	0.0	2.0	0.0	5
4362	4477	4690	5843	AT1G68360	0.0	1.0	0.0	1.584962500721156	0.0	0.0	0.0	3.3219280948873617	5
4429	4546	4760	5926	AT1G69085	1.584962500721156	0.0	1.0	0.0	0.0	1.0	0.0	0.0	5
4501	4619	4835	6014	AT1G69920	1.0	0.0	0.0	1.584962500721156	0.0	0.0	0.0	2.3219280948873617	5
4542	4660	4881	6069	AT1G70470	0.0	0.0	1.0	0.0	1.584962500721156	0.0	0.0	1.0	5
4547	4665	4886	6075	AT1G70510	1.0	0.0	0.0	0.0	0.0	1.0	0.0	1.584962500721156	5
4563	4681	4902	6092	AT1G70680	1.0	0.0	0.0	1.0	0.0	1.0	0.0	0.0	5
4690	4812	5040	6250	AT1G72270	0.0	1.0	1.0	0.0	1.584962500721156	0.0	0.0	0.0	5
4778	4902	5136	6358	AT1G73300	1.584962500721156	0.0	1.0	0.0	0.0	0.0	1.0	0.0	5
4797	4921	5155	6379	AT1G73510	0.0	1.0	1.584962500721156	0.0	0.0	1.584962500721156	0.0	0.0	5
4800	4924	5158	6382	AT1G73550	1.0	1.584962500721156	0.0	0.0	0.0	0.0	1.0	0.0	5
4822	4947	5181	6408	AT1G73780	0.0	1.0	1.0	1.584962500721156	0.0	0.0	0.0	0.0	5
4865	4991	5225	6455	AT1G74190	1.0	0.0	0.0	1.584962500721156	0.0	0.0	1.0	0.0	5
4989	5119	5356	6595	AT1G75600	1.0	0.0	0.0	1.584962500721156	1.0	0.0	0.0	0.0	5
5012	5143	5380	6623	AT1G75890	1.0	0.0	1.0	1.0	0.0	0.0	0.0	0.0	5
5315	5456	5703	6981	AT1G79320	1.0	0.0	0.0	0.0	1.0	0.0	1.0	0.0	5
5413	5556	5804	7092	AT1G80390	1.0	0.0	1.0	1.584962500721156	0.0	0.0	0.0	0.0	5
5443	5587	5835	7128	AT1G80730	1.0	1.0	1.0	0.0	0.0	0.0	0.0	0.0	5
5531	5678	5931	7240	AT2G01810	0.0	0.0	0.0	1.0	2.3219280948873617	0.0	0.0	1.584962500721156	5
5539	5686	5939	7250	AT2G01905	2.0	0.0	1.584962500721156	0.0	1.0	0.0	0.0	0.0	5
5559	5706	5962	7277	AT2G02120	0.0	0.0	2.0	0.0	1.0	0.0	0.0	1.0	5
5665	5820	6085	7444	AT2G03830	1.0	0.0	0.0	0.0	0.0	2.0	0.0	1.0	5
5682	5837	6105	7486	AT2G04190	0.0	1.0	0.0	1.584962500721156	0.0	0.0	0.0	1.584962500721156	5
5695	5850	6118	7501	AT2G04395	0.0	1.0	1.0	0.0	0.0	2.0	0.0	0.0	5
5700	5855	6123	7507	AT2G04440	0.0	0.0	1.584962500721156	0.0	1.0	0.0	0.0	1.0	5
5743	5899	6172	7577	AT2G05370	0.0	0.0	1.0	0.0	1.0	0.0	0.0	1.0	5
5746	5902	6176	7584	AT2G05510	0.0	0.0	0.0	3.169925001442312	0.0	0.0	1.0	3.700439718141092	5
5792	5952	6232	7696	AT2G07643	0.0	2.0	0.0	0.0	1.0	0.0	0.0	1.584962500721156	5
5794	5954	6235	7703	AT2G07656	1.0	0.0	0.0	1.0	0.0	0.0	1.0	0.0	5
5795	5955	6237	7705	AT2G07659	1.0	1.0	0.0	0.0	0.0	0.0	0.0	2.3219280948873617	5
5800	5960	6242	7716	AT2G07676	0.0	1.0	0.0	1.584962500721156	0.0	0.0	0.0	1.0	5
5804	5966	6249	7736	AT2G07714	0.0	1.0	0.0	0.0	1.0	0.0	1.0	0.0	5
5806	5968	6251	7741	AT2G07722	0.0	1.0	0.0	2.0	0.0	0.0	0.0	2.0	5
5816	5979	6263	7769	AT2G07806	0.0	0.0	1.0	1.0	0.0	0.0	0.0	1.0	5
5974	6151	6448	8105	AT2G16570	1.0	0.0	0.0	0.0	1.584962500721156	0.0	0.0	2.0	5
6071	6248	6547	8230	AT2G17770	1.0	0.0	1.584962500721156	0.0	0.0	1.0	0.0	0.0	5
6081	6258	6557	8244	AT2G17890	0.0	0.0	0.0	1.0	1.0	0.0	0.0	1.584962500721156	5
6127	6306	6608	8310	AT2G18500	1.0	0.0	0.0	1.584962500721156	0.0	0.0	0.0	2.0	5
6163	6343	6648	8360	AT2G18980	0.0	0.0	1.584962500721156	1.0	0.0	1.0	0.0	0.0	5
6224	6407	6713	8454	AT2G19920	1.0	0.0	1.0	0.0	2.0	0.0	0.0	0.0	5
6233	6417	6724	8465	AT2G20030	0.0	0.0	0.0	0.0	1.0	0.0	1.0	1.584962500721156	5
6298	6485	6794	8552	AT2G20784	0.0	0.0	0.0	1.584962500721156	1.584962500721156	0.0	1.0	0.0	5
6304	6491	6800	8559	AT2G20825	0.0	1.0	2.0	0.0	0.0	0.0	1.0	0.0	5
6326	6513	6824	8589	AT2G21100	1.584962500721156	0.0	1.0	0.0	1.0	0.0	0.0	0.0	5
6339	6526	6837	8604	AT2G21220	1.0	0.0	3.169925001442312	0.0	1.0	0.0	0.0	0.0	5
6357	6545	6856	8625	AT2G21420	0.0	0.0	1.584962500721156	2.0	0.0	0.0	0.0	1.0	5
6360	6548	6859	8628	AT2G21450	1.0	1.584962500721156	0.0	1.0	0.0	0.0	0.0	0.0	5
6393	6581	6892	8674	AT2G21900	2.0	0.0	0.0	0.0	1.0	0.0	1.0	0.0	5
6394	6582	6894	8677	AT2G21930	0.0	0.0	2.0	0.0	2.0	1.0	0.0	0.0	5
6455	6646	6961	8759	AT2G22760	0.0	1.0	0.0	0.0	1.584962500721156	0.0	1.584962500721156	0.0	5
6480	6673	6988	8792	AT2G23050	0.0	0.0	1.0	1.0	0.0	0.0	1.0	0.0	5
6485	6678	6993	8799	AT2G23096	1.584962500721156	0.0	0.0	1.0	0.0	0.0	1.0	0.0	5
6512	6706	7026	8844	AT2G23530	0.0	1.0	0.0	1.0	0.0	0.0	1.0	0.0	5
6549	6743	7063	8893	AT2G24070	2.0	1.584962500721156	1.0	0.0	0.0	0.0	0.0	0.0	5
6568	6762	7083	8916	AT2G24285	0.0	1.0	1.0	1.0	0.0	0.0	0.0	0.0	5
6580	6776	7098	8933	AT2G24450	1.0	0.0	0.0	2.584962500721156	0.0	1.0	0.0	0.0	5
6593	6790	7112	8950	AT2G24610	1.0	0.0	1.0	0.0	0.0	0.0	0.0	1.0	5
6599	6796	7119	8961	AT2G24681	0.0	1.584962500721156	1.584962500721156	0.0	0.0	0.0	0.0	1.0	5
6662	6863	7195	9058	AT2G25600	0.0	1.0	0.0	2.3219280948873617	0.0	1.0	0.0	0.0	5
6672	6873	7205	9069	AT2G25685	0.0	0.0	0.0	1.0	1.0	1.584962500721156	0.0	0.0	5
6742	6944	7279	9154	AT2G26520	1.584962500721156	0.0	1.584962500721156	0.0	1.0	0.0	0.0	0.0	5
6762	6965	7300	9177	AT2G26750	0.0	1.0	0.0	2.0	0.0	0.0	0.0	3.169925001442312	5
6794	6997	7334	9217	AT2G27120	1.0	0.0	1.584962500721156	0.0	0.0	0.0	1.0	0.0	5
6806	7011	7348	9235	AT2G27280	0.0	1.584962500721156	1.0	0.0	0.0	0.0	1.0	0.0	5
6811	7016	7353	9240	AT2G27313	0.0	3.0	0.0	0.0	0.0	0.0	1.584962500721156	1.0	5
6923	7132	7475	9393	AT2G28780	1.584962500721156	1.0	0.0	0.0	0.0	1.584962500721156	0.0	0.0	5
6938	7148	7491	9411	AT2G28960	0.0	0.0	0.0	2.0	1.0	0.0	0.0	1.0	5
6939	7149	7492	9412	AT2G28970	0.0	0.0	1.584962500721156	0.0	0.0	1.0	0.0	2.807354922057604	5
6968	7181	7525	9449	AT2G29380	0.0	0.0	1.0	1.0	0.0	1.0	0.0	0.0	5
7006	7220	7566	9509	AT2G29920	0.0	1.0	0.0	0.0	1.584962500721156	1.584962500721156	0.0	0.0	5
7042	7257	7604	9555	AT2G30380	0.0	0.0	1.584962500721156	0.0	0.0	1.0	1.0	0.0	5
7093	7311	7659	9617	AT2G30940	0.0	0.0	1.0	1.0	0.0	0.0	0.0	1.0	5
7142	7362	7711	9686	AT2G31500	0.0	0.0	1.0	0.0	1.0	0.0	0.0	1.0	5
7155	7375	7725	9702	AT2G31690	0.0	1.0	0.0	0.0	2.0	0.0	0.0	1.584962500721156	5
7335	7562	7918	9935	AT2G33796	0.0	0.0	1.0	0.0	1.584962500721156	0.0	1.0	0.0	5
7344	7571	7927	9944	AT2G33850	2.807354922057604	1.0	0.0	0.0	0.0	0.0	0.0	1.0	5
7349	7576	7932	9951	AT2G34000	0.0	0.0	0.0	1.0	0.0	0.0	1.584962500721156	1.0	5
7459	7691	8051	10093	AT2G35300	1.584962500721156	1.0	0.0	0.0	0.0	0.0	0.0	1.584962500721156	5
7577	7810	8175	10238	AT2G36660	0.0	0.0	1.0	0.0	1.0	0.0	0.0	1.0	5
7580	7813	8178	10241	AT2G36690	0.0	0.0	1.584962500721156	4.247927513443585	0.0	0.0	0.0	4.643856189774724	5
7603	7837	8202	10269	AT2G36920	0.0	0.0	1.0	0.0	0.0	1.0	1.0	0.0	5
7612	7847	8213	10281	AT2G37030	0.0	0.0	0.0	1.584962500721156	0.0	1.0	0.0	1.0	5
7631	7866	8232	10302	AT2G37210	1.0	0.0	2.0	0.0	2.584962500721156	0.0	0.0	0.0	5
7651	7886	8254	10325	AT2G37440	0.0	1.0	0.0	0.0	1.0	0.0	0.0	1.584962500721156	5
7678	7913	8281	10352	AT2G37700	0.0	1.0	0.0	1.0	0.0	0.0	0.0	1.0	5
7785	8022	8393	10478	AT2G38905	0.0	1.0	1.0	0.0	0.0	1.0	0.0	0.0	5
7989	8227	8602	10722	AT2G41105	1.0	0.0	0.0	1.0	2.0	0.0	0.0	0.0	5
8031	8271	8650	10780	AT2G41590	0.0	0.0	0.0	0.0	1.0	1.0	0.0	1.584962500721156	5
8073	8313	8693	10831	AT2G42060	0.0	0.0	0.0	2.0	0.0	1.0	0.0	1.0	5
8198	8440	8827	10982	AT2G43470	1.0	0.0	0.0	1.0	1.584962500721156	0.0	0.0	0.0	5
8308	8557	8948	11123	AT2G44790	0.0	1.0	0.0	6.569855608330947	0.0	0.0	0.0	6.442943495848727	5
8363	8614	9006	11187	AT2G45420	1.0	0.0	1.0	1.584962500721156	0.0	0.0	0.0	0.0	5
8444	8697	9089	11274	AT2G46300	1.0	0.0	2.807354922057604	0.0	0.0	0.0	1.0	0.0	5
8450	8703	9095	11282	AT2G46375	0.0	0.0	2.0	0.0	1.0	1.0	0.0	0.0	5
8522	8778	9176	11374	AT2G47200	1.0	2.3219280948873617	0.0	0.0	0.0	0.0	0.0	2.3219280948873617	5
8545	8801	9199	11400	AT2G47460	0.0	0.0	2.3219280948873617	0.0	1.0	2.0	0.0	0.0	5
8607	8864	9265	11470	AT2G48140	0.0	0.0	1.0	0.0	0.0	0.0	1.0	2.0	5
8633	8892	9295	11507	AT3G01311	0.0	0.0	0.0	1.0	0.0	0.0	1.0	1.0	5
8667	8927	9331	11553	AT3G01600	0.0	0.0	1.0	1.584962500721156	0.0	0.0	1.0	0.0	5
8766	9028	9436	11666	AT3G02645	0.0	0.0	2.0	1.584962500721156	1.0	0.0	0.0	0.0	5
8821	9085	9494	11730	AT3G03230	0.0	0.0	1.0	0.0	0.0	1.584962500721156	1.0	0.0	5
8825	9089	9499	11735	AT3G03272	0.0	1.584962500721156	1.584962500721156	0.0	1.584962500721156	0.0	0.0	0.0	5
8826	9090	9500	11737	AT3G03290	0.0	0.0	1.0	0.0	2.0	0.0	0.0	1.0	5
8839	9103	9513	11753	AT3G03430	0.0	1.0	0.0	0.0	0.0	0.0	1.0	1.0	5
8846	9110	9520	11760	AT3G03500	1.0	0.0	2.3219280948873617	0.0	0.0	1.0	0.0	0.0	5
8919	9187	9602	11859	AT3G04410	0.0	1.584962500721156	1.0	0.0	1.0	0.0	0.0	0.0	5
8944	9212	9629	11890	AT3G04700	0.0	0.0	1.0	0.0	1.0	0.0	0.0	1.584962500721156	5
9001	9269	9688	11955	AT3G05260	0.0	0.0	1.584962500721156	0.0	2.0	0.0	1.0	0.0	5
9005	9273	9692	11960	AT3G05310	0.0	1.0	0.0	0.0	1.0	0.0	1.0	0.0	5
9034	9302	9721	11994	AT3G05600	1.0	0.0	0.0	1.0	0.0	0.0	0.0	1.0	5
9093	9364	9785	12073	AT3G06220	2.0	0.0	0.0	0.0	0.0	0.0	1.0	1.0	5
9113	9384	9806	12096	AT3G06436	0.0	0.0	0.0	1.0	1.0	0.0	0.0	1.0	5
9160	9431	9854	12147	AT3G06895	0.0	0.0	0.0	2.0	0.0	1.0	1.584962500721156	0.0	5
9167	9438	9862	12155	AT3G06985	2.3219280948873617	0.0	1.584962500721156	0.0	1.0	0.0	0.0	0.0	5
9176	9447	9871	12165	AT3G07070	0.0	1.0	0.0	0.0	0.0	1.0	0.0	1.0	5
9194	9465	9890	12185	AT3G07260	0.0	0.0	1.0	1.584962500721156	0.0	1.584962500721156	0.0	0.0	5
9254	9525	9952	12254	AT3G07900	0.0	1.0	0.0	0.0	1.0	0.0	1.0	0.0	5
9297	9568	9997	12302	AT3G08810	0.0	1.0	2.0	0.0	0.0	1.0	0.0	0.0	5
9351	9623	10054	12366	AT3G09400	0.0	0.0	1.584962500721156	0.0	1.0	0.0	0.0	2.584962500721156	5
9480	9758	10199	12525	AT3G10845	0.0	0.0	2.584962500721156	1.584962500721156	0.0	1.584962500721156	0.0	0.0	5
9494	9772	10213	12543	AT3G10986	0.0	1.0	1.584962500721156	0.0	0.0	1.0	0.0	0.0	5
9509	9787	10228	12560	AT3G11160	1.0	0.0	0.0	0.0	1.584962500721156	0.0	0.0	1.0	5
9524	9804	10246	12584	AT3G11390	1.0	0.0	0.0	1.0	0.0	0.0	1.0	0.0	5
9530	9810	10252	12591	AT3G11430	1.584962500721156	0.0	0.0	0.0	0.0	1.0	1.0	0.0	5
9560	9840	10282	12622	AT3G11740	0.0	0.0	1.0	3.584962500721156	1.584962500721156	0.0	0.0	0.0	5
9573	9853	10295	12636	AT3G11860	0.0	1.0	1.0	0.0	1.584962500721156	0.0	0.0	0.0	5
9715	10000	10449	12811	AT3G13403	0.0	0.0	2.807354922057604	0.0	0.0	2.0	1.0	0.0	5
9755	10042	10492	12858	AT3G13760	0.0	0.0	0.0	2.0	1.0	0.0	0.0	1.0	5
9813	10100	10551	12926	AT3G14320	0.0	1.0	2.584962500721156	0.0	2.3219280948873617	0.0	0.0	0.0	5
9818	10105	10556	12932	AT3G14370	1.0	2.0	0.0	0.0	0.0	0.0	1.0	0.0	5
9821	10108	10559	12935	AT3G14395	0.0	0.0	6.169925001442312	0.0	1.0	4.321928094887364	0.0	0.0	5
9897	10184	10637	13025	AT3G15240	0.0	1.0	0.0	1.0	0.0	0.0	1.0	0.0	5
9981	10271	10731	13128	AT3G16120	1.584962500721156	0.0	0.0	2.807354922057604	0.0	0.0	0.0	2.3219280948873617	5
10009	10299	10762	13160	AT3G16430	0.0	1.0	1.0	0.0	1.0	0.0	0.0	0.0	5
10020	10310	10774	13180	AT3G16590	0.0	0.0	1.584962500721156	0.0	2.0	1.584962500721156	0.0	0.0	5
10111	10403	10872	13307	AT3G17720	0.0	1.0	0.0	0.0	1.584962500721156	1.0	0.0	0.0	5
10173	10466	10937	13380	AT3G18400	1.0	1.0	2.3219280948873617	0.0	0.0	0.0	0.0	0.0	5
10187	10480	10951	13398	AT3G18550	0.0	2.807354922057604	0.0	2.3219280948873617	0.0	0.0	0.0	2.584962500721156	5
10252	10549	11024	13482	AT3G19310	1.0	0.0	1.584962500721156	0.0	0.0	1.0	0.0	0.0	5
10324	10624	11103	13574	AT3G20140	0.0	2.0	0.0	0.0	2.0	0.0	2.3219280948873617	0.0	5
10343	10644	11125	13600	AT3G20380	1.0	1.584962500721156	0.0	0.0	0.0	1.0	0.0	0.0	5
10345	10646	11127	13602	AT3G20395	0.0	0.0	1.0	6.94251450533924	0.0	0.0	0.0	6.965784284662088	5
10432	10734	11221	13726	AT3G21500	0.0	2.0	0.0	1.584962500721156	0.0	0.0	0.0	3.584962500721156	5
10459	10763	11252	13762	AT3G21850	1.0	0.0	0.0	0.0	0.0	1.584962500721156	1.584962500721156	0.0	5
10462	10766	11255	13766	AT3G21880	0.0	0.0	2.3219280948873617	0.0	0.0	1.0	1.0	0.0	5
10612	10924	11419	13996	AT3G23860	0.0	0.0	1.0	1.0	0.0	0.0	0.0	2.0	5
10630	10943	11439	14019	AT3G24068	0.0	1.0	1.0	1.0	0.0	0.0	0.0	0.0	5
10696	11011	11511	14122	AT3G25014	1.584962500721156	1.584962500721156	0.0	0.0	1.0	0.0	0.0	0.0	5
10783	11099	11605	14252	AT3G26190	0.0	0.0	0.0	2.584962500721156	1.0	0.0	0.0	3.169925001442312	5
10846	11163	11669	14323	AT3G26800	1.584962500721156	0.0	0.0	1.0	1.0	0.0	0.0	0.0	5
10848	11165	11671	14325	AT3G26820	1.584962500721156	0.0	0.0	1.0	0.0	0.0	0.0	2.0	5
10873	11190	11698	14356	AT3G27070	0.0	1.0	1.584962500721156	0.0	0.0	1.584962500721156	0.0	0.0	5
10937	11256	11765	14437	AT3G27810	0.0	0.0	1.584962500721156	0.0	2.0	0.0	1.0	0.0	5
10951	11270	11779	14455	AT3G27950	0.0	0.0	1.584962500721156	0.0	0.0	0.0	1.0	1.0	5
10973	11294	11804	14492	AT3G28320	0.0	0.0	0.0	2.0	1.584962500721156	0.0	0.0	2.0	5
10990	11311	11822	14521	AT3G28600	0.0	1.584962500721156	0.0	0.0	0.0	0.0	2.0	1.0	5
11016	11338	11850	14557	AT3G28899	0.0	0.0	1.0	1.0	2.0	0.0	0.0	0.0	5
11042	11366	11879	14598	AT3G29190	0.0	0.0	0.0	1.584962500721156	0.0	0.0	1.0	1.584962500721156	5
11055	11379	11893	14616	AT3G29370	0.0	1.0	0.0	4.0	0.0	0.0	0.0	3.9068905956085187	5
11057	11381	11895	14618	AT3G29380	0.0	1.0	0.0	0.0	0.0	0.0	1.0	1.0	5
11083	11412	11930	14735	AT3G32920	0.0	0.0	0.0	2.807354922057604	0.0	1.0	0.0	1.0	5
11092	11421	11939	14754	AT3G42148	1.0	0.0	1.0	1.0	0.0	0.0	0.0	0.0	5
11130	11461	11981	14852	AT3G43850	0.0	0.0	0.0	7.906890595608518	0.0	0.0	1.0	8.744833837499545	5
11165	11497	12020	14919	AT3G44540	1.0	0.0	0.0	0.0	1.0	0.0	0.0	1.0	5
11177	11509	12033	14936	AT3G44695	0.0	0.0	0.0	2.3219280948873617	0.0	1.0	0.0	1.584962500721156	5
11207	11540	12068	14991	AT3G45093	0.0	1.0	0.0	0.0	1.0	1.0	0.0	0.0	5
11270	11607	12137	15100	AT3G46140	0.0	0.0	2.584962500721156	0.0	1.0	1.0	0.0	0.0	5
11285	11624	12157	15134	AT3G46480	0.0	1.0	2.0	0.0	0.0	1.584962500721156	0.0	0.0	5
11289	11628	12161	15138	AT3G46520	1.0	0.0	1.0	0.0	3.169925001442312	0.0	0.0	0.0	5
11332	11672	12209	15197	AT3G47040	1.0	2.0	0.0	0.0	0.0	0.0	1.0	0.0	5
11341	11681	12218	15206	AT3G47130	0.0	1.584962500721156	1.0	0.0	1.0	0.0	0.0	0.0	5
11494	11839	12382	15392	AT3G48920	0.0	1.0	0.0	1.0	0.0	0.0	0.0	1.0	5
11512	11858	12401	15419	AT3G49155	1.0	0.0	2.0	1.0	0.0	0.0	0.0	0.0	5
11610	11957	12507	15554	AT3G50400	3.0	1.0	0.0	0.0	0.0	0.0	2.3219280948873617	0.0	5
11628	11975	12526	15576	AT3G50640	1.0	0.0	1.0	0.0	2.0	0.0	0.0	0.0	5
11805	12155	12717	15792	AT3G52700	0.0	0.0	1.0	0.0	1.0	0.0	1.0	0.0	5
11834	12184	12747	15828	AT3G53040	1.0	0.0	0.0	0.0	1.0	0.0	1.0	0.0	5
11961	12314	12881	15981	AT3G54490	0.0	0.0	2.0	0.0	1.0	1.0	0.0	0.0	5
12052	12408	12978	16092	AT3G55540	2.3219280948873617	1.584962500721156	2.584962500721156	0.0	0.0	0.0	0.0	0.0	5
12168	12525	13099	16237	AT3G56920	1.0	0.0	2.0	0.0	0.0	1.0	0.0	0.0	5
12185	12542	13116	16254	AT3G57072	1.0	0.0	0.0	0.0	1.0	2.0	0.0	0.0	5
12225	12584	13159	16298	AT3G57500	1.0	0.0	1.584962500721156	0.0	1.0	0.0	0.0	0.0	5
12243	12602	13177	16318	AT3G57690	1.0	1.0	0.0	0.0	0.0	0.0	1.0	0.0	5
12276	12636	13211	16356	AT3G58060	1.0	0.0	0.0	0.0	2.3219280948873617	0.0	0.0	1.0	5
12468	12833	13413	16610	AT3G60550	2.0	0.0	0.0	1.0	0.0	1.0	0.0	0.0	5
12502	12869	13451	16655	AT3G60990	0.0	1.0	0.0	1.584962500721156	0.0	0.0	0.0	1.0	5
12583	12952	13537	16759	AT3G61910	1.0	0.0	2.0	0.0	2.3219280948873617	0.0	0.0	0.0	5
12585	12954	13539	16761	AT3G61930	0.0	1.0	0.0	0.0	0.0	1.0	0.0	1.0	5
12610	12979	13565	16790	AT3G62210	1.0	1.584962500721156	0.0	0.0	0.0	0.0	0.0	1.0	5
12623	12993	13579	16807	AT3G62380	1.0	0.0	0.0	1.584962500721156	0.0	0.0	0.0	1.584962500721156	5
12646	13016	13604	16833	AT3G62640	0.0	1.0	0.0	0.0	0.0	1.0	1.0	0.0	5
12810	13181	13783	17041	AT4G00890	0.0	1.584962500721156	1.584962500721156	0.0	0.0	0.0	0.0	1.584962500721156	5
12871	13245	13848	17117	AT4G01535	1.584962500721156	0.0	0.0	1.584962500721156	1.0	0.0	0.0	0.0	5
12911	13285	13890	17165	AT4G01925	1.0	2.0	0.0	0.0	0.0	0.0	1.584962500721156	0.0	5
12938	13312	13917	17193	AT4G02170	0.0	0.0	1.0	0.0	0.0	1.0	1.0	0.0	5
12939	13313	13918	17194	AT4G02180	0.0	1.0	1.0	0.0	1.584962500721156	0.0	0.0	0.0	5
12985	13361	13966	17252	AT4G02690	0.0	0.0	0.0	1.0	1.0	0.0	0.0	1.584962500721156	5
13039	13417	14026	17323	AT4G03292	0.0	0.0	1.0	0.0	1.0	0.0	0.0	1.0	5
13088	13470	14082	17403	AT4G04480	0.0	0.0	0.0	1.0	0.0	1.0	0.0	1.0	5
13094	13476	14089	17412	AT4G04605	0.0	0.0	1.0	1.0	1.0	0.0	0.0	0.0	5
13144	13526	14139	17473	AT4G05091	0.0	1.0	0.0	1.584962500721156	0.0	0.0	1.0	0.0	5
13167	13549	14163	17509	AT4G05470	0.0	0.0	1.0	0.0	1.0	0.0	1.0	0.0	5
13219	13602	14220	17615	AT4G08545	1.0	1.0	0.0	0.0	1.0	0.0	0.0	0.0	5
13224	13607	14225	17622	AT4G08593	0.0	1.0	0.0	0.0	0.0	1.0	0.0	1.0	5
13229	13612	14230	17635	AT4G08780	0.0	0.0	0.0	3.4594316186372973	1.0	0.0	0.0	2.807354922057604	5
13235	13618	14237	17647	AT4G08876	0.0	0.0	1.584962500721156	1.0	0.0	0.0	0.0	1.584962500721156	5
13255	13640	14259	17678	AT4G09170	0.0	0.0	1.0	1.0	0.0	0.0	1.0	0.0	5
13282	13668	14289	17730	AT4G09731	0.0	1.0	0.0	1.0	1.584962500721156	0.0	0.0	0.0	5
13332	13718	14341	17807	AT4G10440	1.584962500721156	0.0	0.0	0.0	1.0	1.0	0.0	0.0	5
13406	13795	14419	17919	AT4G11480	1.0	1.584962500721156	0.0	0.0	2.3219280948873617	0.0	0.0	0.0	5
13417	13806	14430	17937	AT4G11650	0.0	0.0	0.0	3.3219280948873617	0.0	0.0	2.0	6.539158811108031	5
13425	13815	14440	17952	AT4G11780	0.0	0.0	2.807354922057604	0.0	1.0	2.3219280948873617	0.0	0.0	5
13474	13869	14496	18019	AT4G12440	1.584962500721156	0.0	2.584962500721156	0.0	0.0	1.584962500721156	0.0	0.0	5
13524	13920	14551	18096	AT4G13130	0.0	0.0	1.0	0.0	1.0	1.0	0.0	0.0	5
13565	13965	14600	18154	AT4G13620	0.0	0.0	0.0	1.584962500721156	0.0	0.0	1.0	1.0	5
13569	13969	14604	18158	AT4G13660	1.584962500721156	0.0	0.0	5.672425341971495	0.0	0.0	0.0	5.554588851677637	5
13723	14126	14765	18353	AT4G15200	1.0	0.0	0.0	0.0	3.700439718141092	0.0	2.807354922057604	0.0	5
13836	14242	14890	18512	AT4G16460	1.584962500721156	0.0	0.0	1.0	1.584962500721156	0.0	0.0	0.0	5
14160	14574	15232	18929	AT4G20190	0.0	1.0	0.0	0.0	0.0	1.0	2.0	0.0	5
14199	14615	15276	19007	AT4G20920	1.584962500721156	1.0	0.0	0.0	0.0	0.0	0.0	1.0	5
14201	14617	15278	19009	AT4G20935	0.0	0.0	1.584962500721156	1.0	0.0	0.0	1.584962500721156	0.0	5
14313	14730	15397	19160	AT4G22230	1.0	1.0	1.0	0.0	0.0	0.0	0.0	0.0	5
14332	14749	15416	19187	AT4G22470	0.0	1.0	1.584962500721156	0.0	0.0	0.0	0.0	3.3219280948873617	5
14333	14750	15417	19190	AT4G22490	0.0	0.0	0.0	9.802516365121225	0.0	0.0	2.0	7.686500527183218	5
14407	14825	15495	19284	AT4G23340	0.0	1.584962500721156	1.0	0.0	0.0	1.584962500721156	0.0	0.0	5
14418	14836	15507	19303	AT4G23496	2.0	0.0	2.0	0.0	1.0	0.0	0.0	0.0	5
14424	14842	15515	19314	AT4G23590	0.0	1.0	0.0	0.0	2.0	1.584962500721156	0.0	0.0	5
14437	14855	15528	19327	AT4G23720	0.0	1.0	2.807354922057604	0.0	0.0	0.0	0.0	1.584962500721156	5
14480	14899	15575	19378	AT4G24180	0.0	1.0	0.0	0.0	1.584962500721156	1.0	0.0	0.0	5
14494	14913	15589	19395	AT4G24310	1.584962500721156	0.0	0.0	2.3219280948873617	0.0	0.0	0.0	1.584962500721156	5
14630	15054	15735	19560	AT4G25850	2.0	0.0	2.584962500721156	0.0	0.0	2.0	0.0	0.0	5
14667	15092	15775	19607	AT4G26290	0.0	0.0	0.0	1.0	0.0	1.0	0.0	1.0	5
14671	15096	15779	19615	AT4G26380	0.0	2.807354922057604	1.0	0.0	0.0	0.0	1.0	0.0	5
14705	15132	15817	19657	AT4G26730	0.0	0.0	0.0	1.0	1.584962500721156	0.0	0.0	2.0	5
14769	15197	15886	19738	AT4G27530	0.0	0.0	0.0	0.0	1.584962500721156	0.0	1.0	1.0	5
14796	15224	15914	19770	AT4G27790	0.0	0.0	1.0	0.0	1.584962500721156	1.0	0.0	0.0	5
14798	15226	15916	19772	AT4G27810	1.0	0.0	1.0	1.584962500721156	0.0	0.0	0.0	0.0	5
14890	15319	16018	19886	AT4G28811	1.0	1.584962500721156	0.0	0.0	0.0	0.0	1.584962500721156	0.0	5
14897	15326	16026	19895	AT4G28890	1.0	1.0	0.0	0.0	0.0	0.0	0.0	1.0	5
14917	15347	16047	19925	AT4G29180	0.0	1.0	1.584962500721156	1.0	0.0	0.0	0.0	0.0	5
15009	15439	16144	20048	AT4G30300	0.0	1.0	1.0	0.0	1.0	0.0	0.0	0.0	5
15047	15479	16186	20093	AT4G30740	0.0	0.0	1.584962500721156	0.0	1.0	0.0	0.0	1.0	5
15112	15544	16252	20164	AT4G31370	0.0	1.0	0.0	1.584962500721156	0.0	0.0	0.0	1.0	5
15140	15574	16283	20202	AT4G31710	1.0	0.0	2.0	0.0	1.584962500721156	0.0	0.0	0.0	5
15182	15620	16331	20258	AT4G32208	0.0	0.0	1.0	0.0	1.0	1.584962500721156	0.0	0.0	5
15216	15655	16366	20300	AT4G32580	1.0	0.0	1.0	0.0	0.0	0.0	0.0	1.0	5
15243	15683	16394	20330	AT4G32860	1.0	0.0	0.0	2.0	0.0	0.0	0.0	1.0	5
15313	15754	16467	20410	AT4G33610	3.0	0.0	0.0	0.0	1.584962500721156	0.0	1.584962500721156	0.0	5
15423	15866	16583	20542	AT4G34780	0.0	0.0	0.0	1.584962500721156	1.0	0.0	0.0	1.584962500721156	5
15433	15876	16593	20552	AT4G34881	0.0	0.0	1.0	1.0	0.0	0.0	0.0	1.0	5
15538	15986	16706	20686	AT4G36105	0.0	1.0	1.0	0.0	0.0	0.0	1.0	0.0	5
15566	16015	16735	20717	AT4G36460	1.0	1.0	0.0	0.0	1.0	0.0	0.0	0.0	5
15640	16094	16816	20802	AT4G37235	0.0	2.0	1.584962500721156	0.0	0.0	0.0	1.0	0.0	5
15657	16111	16833	20822	AT4G37420	1.584962500721156	0.0	0.0	1.0	1.584962500721156	0.0	0.0	0.0	5
15687	16141	16863	20854	AT4G37710	0.0	0.0	0.0	1.0	1.584962500721156	0.0	1.584962500721156	0.0	5
15695	16149	16872	20864	AT4G37810	1.0	0.0	3.169925001442312	0.0	0.0	1.0	0.0	0.0	5
15698	16152	16875	20869	AT4G37860	0.0	0.0	1.0	1.0	1.0	0.0	0.0	0.0	5
15717	16171	16895	20893	AT4G38070	0.0	2.0	0.0	1.0	0.0	0.0	0.0	1.0	5
15748	16203	16927	20927	AT4G38390	0.0	0.0	0.0	4.169925001442312	0.0	0.0	1.0	3.9068905956085187	5
15837	16295	17022	21032	AT4G39403	0.0	1.584962500721156	0.0	0.0	0.0	1.0	0.0	1.584962500721156	5
15842	16300	17027	21037	AT4G39480	0.0	1.0	1.0	1.0	0.0	0.0	0.0	0.0	5
15858	16316	17044	21057	AT4G39675	0.0	2.0	0.0	3.169925001442312	0.0	0.0	0.0	4.700439718141092	5
15905	16363	17091	21111	AT4G40090	0.0	0.0	0.0	1.0	1.584962500721156	1.0	0.0	0.0	5
15941	16400	17132	21159	AT5G01420	0.0	0.0	1.0	0.0	0.0	1.0	1.0	0.0	5
15948	16407	17139	21167	AT5G01490	0.0	0.0	1.0	1.0	1.584962500721156	0.0	0.0	0.0	5
16040	16500	17232	21272	AT5G02510	1.0	1.0	0.0	0.0	2.3219280948873617	0.0	0.0	0.0	5
16159	16622	17355	21411	AT5G03790	0.0	0.0	0.0	0.0	1.0	1.0	0.0	1.0	5
16350	16816	17561	21663	AT5G06090	1.0	0.0	0.0	0.0	1.584962500721156	0.0	2.3219280948873617	0.0	5
16411	16878	17625	21732	AT5G06755	0.0	0.0	0.0	0.0	1.584962500721156	0.0	1.0	1.0	5
16446	16913	17660	21775	AT5G07165	0.0	1.0	0.0	0.0	1.0	1.0	0.0	0.0	5
16468	16939	17686	21809	AT5G07475	0.0	1.584962500721156	0.0	0.0	1.584962500721156	1.0	0.0	0.0	5
16602	17074	17824	21966	AT5G09320	1.584962500721156	0.0	1.584962500721156	0.0	1.0	0.0	0.0	0.0	5
16616	17088	17838	21983	AT5G09480	1.0	0.0	1.0	0.0	0.0	0.0	1.0	0.0	5
16632	17107	17857	22006	AT5G09711	0.0	0.0	0.0	2.807354922057604	0.0	1.0	0.0	2.0	5
16651	17126	17878	22028	AT5G09910	2.0	0.0	0.0	0.0	1.0	1.584962500721156	0.0	0.0	5
16676	17151	17908	22061	AT5G10210	0.0	1.584962500721156	0.0	1.0	0.0	0.0	0.0	1.0	5
16682	17157	17914	22068	AT5G10280	1.0	1.0	1.584962500721156	0.0	0.0	0.0	0.0	0.0	5
16724	17201	17958	22115	AT5G10720	0.0	0.0	1.584962500721156	0.0	1.0	1.0	0.0	0.0	5
16741	17218	17975	22132	AT5G10890	1.0	0.0	1.0	0.0	0.0	1.0	0.0	0.0	5
16752	17229	17986	22143	AT5G10990	0.0	0.0	0.0	0.0	1.0	1.0	1.0	0.0	5
16910	17389	18147	22329	AT5G13150	1.0	0.0	1.0	0.0	0.0	0.0	0.0	1.0	5
16954	17433	18192	22376	AT5G13600	1.0	0.0	0.0	0.0	1.0	1.584962500721156	0.0	0.0	5
17000	17479	18242	22429	AT5G14110	0.0	0.0	1.584962500721156	1.584962500721156	0.0	0.0	0.0	1.584962500721156	5
17002	17481	18244	22431	AT5G14130	1.0	0.0	0.0	1.0	0.0	0.0	0.0	1.584962500721156	5
17005	17485	18249	22436	AT5G14180	0.0	0.0	0.0	8.92184093707449	1.0	0.0	0.0	8.689997971419446	5
17068	17550	18319	22509	AT5G14900	0.0	1.0	0.0	4.700439718141092	0.0	0.0	0.0	2.807354922057604	5
17095	17578	18348	22547	AT5G15250	1.584962500721156	0.0	0.0	2.584962500721156	0.0	0.0	0.0	1.0	5
17114	17597	18368	22570	AT5G15480	0.0	2.0	1.0	0.0	1.584962500721156	0.0	0.0	0.0	5
17161	17644	18416	22624	AT5G15940	0.0	3.0	0.0	1.584962500721156	0.0	0.0	1.0	0.0	5
17249	17733	18506	22723	AT5G16900	0.0	1.584962500721156	1.0	0.0	0.0	0.0	2.3219280948873617	0.0	5
17268	17752	18527	22751	AT5G17167	0.0	0.0	3.169925001442312	0.0	2.584962500721156	1.0	0.0	0.0	5
17283	17767	18542	22768	AT5G17320	0.0	0.0	0.0	1.584962500721156	0.0	1.0	0.0	1.0	5
17304	17790	18566	22798	AT5G17590	0.0	1.584962500721156	1.0	0.0	0.0	1.0	0.0	0.0	5
17346	17833	18611	22850	AT5G18090	1.0	0.0	0.0	1.0	1.0	0.0	0.0	0.0	5
17425	17915	18700	22945	AT5G18937	0.0	0.0	2.0	0.0	1.0	1.584962500721156	0.0	0.0	5
17675	18176	18972	23256	AT5G22560	0.0	1.584962500721156	0.0	0.0	1.0	0.0	1.0	0.0	5
17786	18289	19089	23393	AT5G23830	0.0	0.0	1.584962500721156	0.0	1.0	1.0	0.0	0.0	5
17809	18312	19113	23427	AT5G24140	0.0	0.0	2.0	0.0	0.0	1.0	1.0	0.0	5
17815	18318	19119	23433	AT5G24180	0.0	0.0	1.0	1.0	1.584962500721156	0.0	0.0	0.0	5
17851	18354	19156	23480	AT5G24575	1.0	0.0	1.0	0.0	1.584962500721156	0.0	0.0	0.0	5
17884	18388	19191	23522	AT5G25000	1.0	0.0	0.0	0.0	1.584962500721156	0.0	0.0	1.0	5
17968	18477	19285	23647	AT5G26260	1.584962500721156	0.0	0.0	0.0	1.0	0.0	1.0	0.0	5
18013	18522	19336	23716	AT5G27050	0.0	1.0	1.0	1.0	0.0	0.0	0.0	0.0	5
18048	18557	19373	23769	AT5G27570	0.0	0.0	0.0	1.0	1.0	0.0	0.0	1.0	5
18067	18577	19393	23792	AT5G27780	0.0	0.0	1.0	1.0	0.0	1.0	0.0	0.0	5
18143	18655	19478	23955	AT5G35110	0.0	1.0	0.0	0.0	1.0	0.0	1.0	0.0	5
18164	18678	19501	23986	AT5G35525	0.0	1.0	1.584962500721156	0.0	2.3219280948873617	0.0	0.0	0.0	5
18166	18680	19503	23989	AT5G35550	0.0	0.0	0.0	2.3219280948873617	0.0	1.0	0.0	1.0	5
18183	18697	19522	24017	AT5G35760	0.0	0.0	1.0	0.0	1.0	0.0	1.0	0.0	5
18187	18701	19528	24029	AT5G35920	0.0	1.584962500721156	0.0	0.0	1.0	1.0	0.0	0.0	5
18191	18705	19534	24036	AT5G35960	0.0	1.0	1.0	0.0	0.0	1.584962500721156	0.0	0.0	5
18197	18711	19540	24043	AT5G36100	0.0	1.584962500721156	0.0	1.0	0.0	1.0	0.0	0.0	5
18209	18724	19554	24103	AT5G36740	2.0	0.0	0.0	0.0	2.3219280948873617	0.0	2.0	0.0	5
18213	18728	19559	24114	AT5G36900	0.0	1.0	0.0	1.584962500721156	0.0	0.0	0.0	1.584962500721156	5
18225	18741	19572	24130	AT5G37050	0.0	0.0	1.584962500721156	0.0	1.0	1.0	0.0	0.0	5
18276	18796	19631	24224	AT5G37990	0.0	3.807354922057604	0.0	0.0	1.584962500721156	0.0	1.584962500721156	0.0	5
18296	18816	19652	24252	AT5G38260	1.0	1.584962500721156	0.0	0.0	0.0	0.0	0.0	1.0	5
18325	18846	19685	24305	AT5G38700	1.0	1.0	0.0	0.0	0.0	0.0	2.3219280948873617	0.0	5
18331	18853	19692	24312	AT5G38750	0.0	0.0	0.0	2.3219280948873617	0.0	1.0	1.0	0.0	5
18334	18857	19696	24319	AT5G38820	1.0	0.0	1.0	0.0	1.0	0.0	0.0	0.0	5
18387	18916	19764	24417	AT5G39750	0.0	0.0	1.0	1.0	0.0	0.0	0.0	1.0	5
18405	18934	19786	24444	AT5G40000	0.0	2.0	1.0	0.0	1.0	0.0	0.0	0.0	5
18408	18937	19789	24447	AT5G40030	1.0	0.0	0.0	0.0	1.0	0.0	1.0	0.0	5
18483	19015	19872	24549	AT5G40990	1.0	0.0	0.0	0.0	0.0	0.0	1.0	2.3219280948873617	5
18510	19043	19901	24583	AT5G41310	0.0	0.0	0.0	0.0	1.0	1.0	1.0	0.0	5
18526	19059	19917	24608	AT5G41540	0.0	1.0	1.0	0.0	0.0	0.0	1.0	0.0	5
18623	19160	20023	24736	AT5G42700	1.0	0.0	1.0	0.0	0.0	1.0	0.0	0.0	5
18646	19184	20047	24764	AT5G42930	1.0	1.584962500721156	0.0	0.0	0.0	0.0	1.584962500721156	0.0	5
18662	19200	20063	24789	AT5G43120	0.0	0.0	1.0	0.0	1.0	1.0	0.0	0.0	5
18684	19222	20086	24823	AT5G43410	0.0	0.0	0.0	0.0	1.0	0.0	1.0	1.0	5
18692	19230	20094	24831	AT5G43490	0.0	1.0	0.0	1.584962500721156	0.0	0.0	0.0	1.584962500721156	5
18696	19236	20100	24843	AT5G43580	0.0	0.0	1.0	3.169925001442312	0.0	0.0	0.0	5.169925001442311	5
18784	19328	20195	24954	AT5G44563	1.0	1.0	1.0	0.0	0.0	0.0	0.0	0.0	5
18884	19433	20302	25082	AT5G45670	4.584962500721156	0.0	0.0	0.0	0.0	0.0	2.0	1.584962500721156	5
18916	19466	20336	25127	AT5G46085	0.0	1.0	1.0	0.0	0.0	0.0	0.0	1.0	5
18992	19543	20415	25224	AT5G46960	0.0	0.0	0.0	0.0	2.0	0.0	1.0	1.0	5
19059	19613	20487	25307	AT5G47740	0.0	1.0	0.0	0.0	0.0	1.0	0.0	1.584962500721156	5
19108	19663	20540	25375	AT5G48390	0.0	0.0	1.584962500721156	1.584962500721156	0.0	1.0	0.0	0.0	5
19227	19786	20665	25527	AT5G49770	0.0	1.0	1.584962500721156	0.0	1.0	0.0	0.0	0.0	5
19249	19808	20688	25553	AT5G50030	0.0	0.0	1.584962500721156	0.0	1.0	1.0	0.0	0.0	5
19250	19809	20689	25556	AT5G50060	1.0	0.0	0.0	1.584962500721156	1.584962500721156	0.0	0.0	0.0	5
19327	19888	20772	25676	AT5G51160	0.0	0.0	1.0	4.087462841250339	0.0	0.0	0.0	2.3219280948873617	5
19391	19954	20841	25761	AT5G51950	0.0	2.584962500721156	0.0	1.0	0.0	1.0	0.0	0.0	5
19497	20063	20954	25899	AT5G53230	1.0	0.0	0.0	0.0	0.0	1.0	1.584962500721156	0.0	5
19568	20138	21037	26013	AT5G54230	1.0	2.3219280948873617	0.0	0.0	0.0	0.0	0.0	2.807354922057604	5
19627	20198	21098	26088	AT5G54950	1.0	0.0	0.0	1.584962500721156	1.584962500721156	0.0	0.0	0.0	5
19662	20234	21136	26137	AT5G55410	1.584962500721156	1.584962500721156	2.0	0.0	0.0	0.0	0.0	0.0	5
19736	20312	21219	26234	AT5G56320	1.584962500721156	0.0	0.0	0.0	0.0	0.0	2.3219280948873617	1.584962500721156	5
19745	20321	21228	26255	AT5G56490	1.584962500721156	0.0	1.0	0.0	0.0	1.0	0.0	0.0	5
19876	20457	21367	26414	AT5G57980	0.0	1.0	1.0	0.0	0.0	0.0	1.0	0.0	5
19896	20477	21387	26435	AT5G58170	0.0	0.0	1.0	1.584962500721156	2.3219280948873617	0.0	0.0	0.0	5
19958	20540	21452	26509	AT5G58860	1.584962500721156	0.0	0.0	0.0	0.0	1.584962500721156	2.0	0.0	5
20039	20624	21537	26609	AT5G59845	1.584962500721156	1.0	0.0	1.584962500721156	0.0	0.0	0.0	0.0	5
20074	20659	21576	26656	AT5G60265	0.0	0.0	0.0	3.169925001442312	1.0	0.0	0.0	3.584962500721156	5
20092	20677	21595	26677	AT5G60480	0.0	0.0	0.0	1.584962500721156	0.0	1.0	0.0	2.0	5
20143	20729	21648	26745	AT5G61120	0.0	1.0	0.0	0.0	1.584962500721156	1.0	0.0	0.0	5
20179	20765	21685	26783	AT5G61490	2.0	0.0	2.3219280948873617	0.0	2.584962500721156	0.0	0.0	0.0	5
20234	20820	21742	26858	AT5G62210	2.3219280948873617	0.0	1.0	0.0	0.0	0.0	2.0	0.0	5
20237	20823	21745	26862	AT5G62250	0.0	0.0	1.0	1.0	0.0	0.0	0.0	1.0	5
20255	20841	21764	26885	AT5G62490	0.0	1.0	0.0	0.0	0.0	1.0	1.0	0.0	5
20257	20843	21766	26887	AT5G62510	0.0	1.0	0.0	0.0	1.0	1.0	0.0	0.0	5
20310	20896	21821	26951	AT5G63087	2.0	0.0	1.0	0.0	0.0	0.0	2.3219280948873617	0.0	5
20537	21134	22065	27208	AT5G65500	1.0	1.0	0.0	0.0	1.584962500721156	0.0	0.0	0.0	5
20538	21135	22066	27209	AT5G65510	0.0	0.0	1.584962500721156	0.0	0.0	0.0	1.0	1.0	5
20605	21203	22137	27282	AT5G66150	2.807354922057604	0.0	2.0	0.0	0.0	1.0	0.0	0.0	5
20623	21221	22155	27302	AT5G66340	0.0	0.0	0.0	0.0	1.584962500721156	0.0	1.0	1.0	5
20672	21272	22207	27359	AT5G66840	0.0	0.0	1.0	0.0	0.0	1.0	0.0	1.0	5
20683	21284	22220	27374	AT5G66985	1.0	0.0	0.0	2.0	1.0	0.0	0.0	0.0	5
20748	21350	22290	27447	ATCG00050	0.0	0.0	1.584962500721156	1.584962500721156	1.0	0.0	0.0	0.0	5
20807	21409	22349	27508	ATCG00860	0.0	0.0	0.0	1.0	0.0	1.0	0.0	1.584962500721156	5
20834	21438	22378	27549	ATMG00200	0.0	1.0	0.0	0.0	1.0	0.0	1.0	0.0	5
20853	21461	22405	27620	ATMG01030	0.0	1.0	1.584962500721156	0.0	0.0	1.0	0.0	0.0	5
